-- phpMyAdmin SQL Dump
-- version 5.1.1
-- https://www.phpmyadmin.net/
--
-- Host: 127.0.0.1
-- Generation Time: Nov 30, 2021 at 01:16 AM
-- Server version: 10.4.21-MariaDB
-- PHP Version: 8.0.12

SET SQL_MODE = "NO_AUTO_VALUE_ON_ZERO";
START TRANSACTION;
SET time_zone = "+00:00";


/*!40101 SET @OLD_CHARACTER_SET_CLIENT=@@CHARACTER_SET_CLIENT */;
/*!40101 SET @OLD_CHARACTER_SET_RESULTS=@@CHARACTER_SET_RESULTS */;
/*!40101 SET @OLD_COLLATION_CONNECTION=@@COLLATION_CONNECTION */;
/*!40101 SET NAMES utf8mb4 */;

--
-- Database: `land`
--

-- --------------------------------------------------------

--
-- Table structure for table `div_sec`
--

CREATE TABLE `div_sec` (
  `divno` int(11) NOT NULL,
  `divna` varchar(25) NOT NULL DEFAULT '0'
) ENGINE=InnoDB DEFAULT CHARSET=utf8mb4;

--
-- Dumping data for table `div_sec`
--

INSERT INTO `div_sec` (`divno`, `divna`) VALUES
(1, 'ගලේවෙල'),
(2, 'දඹුල්ල'),
(3, 'නාඋල'),
(4, 'පල්ලෙපොල'),
(5, 'යටවත්ත'),
(6, 'මාතලේ'),
(7, 'අඹන්ගඟ කොරළේ'),
(8, 'ලග්ගල - පල්ලෙගම'),
(9, 'විල්ගමුව'),
(10, 'රත්තොට'),
(11, 'උකුවෙල');

-- --------------------------------------------------------

--
-- Table structure for table `dmg_elephant`
--

CREATE TABLE `dmg_elephant` (
  `id` int(11) NOT NULL,
  `applicant_name` varchar(100) CHARACTER SET utf8 COLLATE utf8_bin NOT NULL,
  `addres` varchar(100) CHARACTER SET utf8 COLLATE utf8_bin NOT NULL,
  `nic` varchar(15) CHARACTER SET utf8 COLLATE utf8_bin NOT NULL,
  `contact` int(11) NOT NULL,
  `ds` varchar(50) CHARACTER SET utf8 COLLATE utf8_bin NOT NULL,
  `gnd` varchar(50) CHARACTER SET utf8 COLLATE utf8_bin NOT NULL,
  `requirement` varchar(500) CHARACTER SET utf8 COLLATE utf8_bin NOT NULL,
  `c_comitt` int(11) NOT NULL,
  `reject_reason` varchar(200) NOT NULL,
  `price` int(50) NOT NULL,
  `ds_forms` varchar(50) CHARACTER SET utf8 COLLATE utf8_bin NOT NULL,
  `assessment_report` varchar(50) CHARACTER SET utf8 COLLATE utf8_bin NOT NULL
) ENGINE=InnoDB DEFAULT CHARSET=utf8mb4;

--
-- Dumping data for table `dmg_elephant`
--

INSERT INTO `dmg_elephant` (`id`, `applicant_name`, `addres`, `nic`, `contact`, `ds`, `gnd`, `requirement`, `c_comitt`, `reject_reason`, `price`, `ds_forms`, `assessment_report`) VALUES
(3, 'ekanayaka', 'matale', '914657703v', 661234567, '7', '317', 'dddddd', 1, '', 0, '', ''),
(4, 'perera', 'matale', '914657703v', 776537606, '10', '413', 'නිවාස හා දේපල හානි', 0, '', 500, 'ආකෘති පත්‍ර අංක 2 ඇත', 'වනසත්ව අඩවි ආරක්ෂකගේ තක්සේරු වාර්තාව ඇත');

-- --------------------------------------------------------

--
-- Table structure for table `gntable`
--

CREATE TABLE `gntable` (
  `gncode` int(11) NOT NULL,
  `lifecode` varchar(50) NOT NULL,
  `gnname` varchar(50) NOT NULL,
  `gnoldcode` varchar(50) NOT NULL,
  `divsec` int(11) NOT NULL,
  `poldiv` int(11) NOT NULL
) ENGINE=InnoDB DEFAULT CHARSET=utf8mb4;

--
-- Dumping data for table `gntable`
--

INSERT INTO `gntable` (`gncode`, `lifecode`, `gnname`, `gnoldcode`, `divsec`, `poldiv`) VALUES
(1, '2-2-03-005', 'වැටකොලුවැව', 'E438D', 1, 1),
(2, '2-2-03-010', 'දේවහූව ජනපදය 2', 'E437D', 1, 1),
(3, '2-2-03-015', 'මකුල්ගස්වැව', 'E438A', 1, 1),
(4, '2-2-03-020', 'ඉබ්බන්කටුව', 'E439B', 1, 1),
(5, '2-2-03-025', 'තලකිරියාගම', 'E439', 1, 1),
(6, '2-2-03-030', 'තෙන්නකෝන්පුර', 'E438C', 1, 1),
(7, '2-2-03-035', 'දඬුබැඳිරුප්ප', 'E438', 1, 1),
(8, '2-2-03-040', 'දේවහූව ජනපදය 1', 'E437C', 1, 1),
(9, '2-2-03-045', 'බුලනවැව', 'E437A', 1, 1),
(10, '2-2-03-050', 'පහල දිග්ගල', 'E438B', 1, 1),
(11, '2-2-03-055', 'මීවලපතහ', 'E433D', 1, 1),
(12, '2-2-03-060', 'පහලවැව', 'E439A', 1, 1),
(13, '2-2-03-065', 'යටිගල්පොත්ත', 'E433A', 1, 1),
(14, '2-2-03-070', 'කුඹුක්ගොල්ල', 'E437B', 1, 1),
(15, '2-2-03-075', 'කොස්ගහහින්න', 'E436D', 1, 1),
(16, '2-2-03-080', 'රාලලෑ රොටවැව', 'E436C', 1, 1),
(17, '2-2-03-085', 'මොරගොල්ල', 'E436A', 1, 1),
(18, '2-2-03-090', 'පිබිදුනගම', 'E436B', 1, 1),
(19, '2-2-03-095', 'අලුත්වැව', 'E436', 1, 1),
(20, '2-2-03-100', 'බඔරගස්වැව', 'E435', 1, 1),
(21, '2-2-03-105', 'බේලියකන්ද', 'E437', 1, 1),
(22, '2-2-03-110', 'සිල්වත්ගම', 'E433C', 1, 1),
(23, '2-2-03-115', 'වලස්වැව', 'E433', 1, 1),
(24, '2-2-03-120', 'ගලපාමුල', 'E432H', 1, 1),
(25, '2-2-03-125', 'දමුණුමුල්ල', 'E432A', 1, 1),
(26, '2-2-03-130', 'පට්ටිවෙල', 'E432F', 1, 1),
(27, '2-2-03-135', 'නිලගම', 'E435A', 1, 1),
(28, '2-2-03-140', 'හොම්බාව', 'E431A', 1, 1),
(29, '2-2-03-145', 'පාලු හොම්බාව', 'E432J', 1, 1),
(30, '2-2-03-150', 'දඹවටවන', 'E432G', 1, 1),
(31, '2-2-03-155', 'පුවක්පිටිය', 'E433B', 1, 1),
(32, '2-2-03-160', 'වේරගලවත්ත', 'E434A', 1, 1),
(33, '2-2-03-165', 'නබඩගහවත්ත', 'E434', 1, 1),
(34, '2-2-03-170', 'ගලේවෙල නගරය', 'E432', 1, 1),
(35, '2-2-03-175', 'පත්කොලගොල්ල', 'E432B', 1, 1),
(36, '2-2-03-180', 'කොස්පොත', 'E431C', 1, 1),
(37, '2-2-03-185', 'රංවැඩියාව', 'E432I', 1, 1),
(38, '2-2-03-190', 'පහළ බම්බාව', 'E432E', 1, 1),
(39, '2-2-03-195', 'දඬුයාය', 'E432C', 1, 1),
(40, '2-2-03-200', 'දඹගොල්ල', 'E434B', 1, 1),
(41, '2-2-03-205', 'ඉහල බම්බාව', 'E432D', 1, 1),
(42, '2-2-03-210', 'සියඹලාගහවෙල', 'E427A', 1, 1),
(43, '2-2-03-215', 'පිහිල්ලයාය', 'E427C', 1, 1),
(44, '2-2-03-220', 'මැදබැද්ද උතුර', 'E428B', 1, 1),
(45, '2-2-03-225', 'දිවුල්ගස්කොටුව', 'E431D', 1, 1),
(46, '2-2-03-230', 'හත්අඩුක්කුව', 'E431B', 1, 1),
(47, '2-2-03-235', 'බෙළිගමුව', 'E431', 1, 1),
(48, '2-2-03-240', 'මැදබැද්ද දකුණ', 'E428C', 1, 1),
(49, '2-2-03-245', 'වහකොට්ටේ', 'E427', 1, 1),
(50, '2-2-03-250', 'ගල්ගොඩයාය', 'E427D', 1, 1),
(51, '2-2-03-255', 'පලාපත්වල', 'E427B', 1, 1),
(52, '2-2-03-260', 'දැඹව', 'E430', 1, 1),
(53, '2-2-03-265', 'එලමල්පොත', 'E429', 1, 1),
(54, '2-2-03-270', 'යටිවැහැර', 'E428A', 1, 1),
(55, '2-2-03-275', 'ලේනාවල', 'E428', 1, 1),
(56, '2-2-03-280', 'හැවනේවෙල', 'E429A', 1, 1),
(57, '2-2-03-285', 'වෑගොඩපොල', 'E430B', 1, 1),
(58, '2-2-03-290', 'කැඳන්ගමුව', 'E430C', 1, 1),
(59, '2-2-03-295', 'මාදිපොල', 'E430A', 1, 1),
(60, '2-2-06-005', 'සියඹලාවැව', 'E453C', 2, 2),
(61, '2-2-06-010', 'අවුඩංගාව', 'E453', 2, 2),
(62, '2-2-06-015', 'ගෙඩිගස්වලාන', 'E454', 2, 2),
(63, '2-2-06-020', 'පිදුරංගල', 'E455C', 2, 2),
(64, '2-2-06-025', 'තල්කොටේ', 'E455A', 2, 2),
(65, '2-2-06-030', 'දිගම්පතහ', 'E453A', 2, 2),
(66, '2-2-06-035', 'ඉනාමළුව', 'E451', 2, 2),
(67, '2-2-06-040', 'නාගලවැව', 'E453B', 2, 2),
(68, '2-2-06-045', 'පොතාන', 'E452C', 2, 2),
(69, '2-2-06-050', 'කිඹිස්ස', 'E452A', 2, 2),
(70, '2-2-06-055', 'එගොඩවැව', 'E452B', 2, 2),
(71, '2-2-06-060', 'පළුටාව', 'E452', 2, 2),
(72, '2-2-06-065', 'සීගිරිය', 'E455', 2, 2),
(73, '2-2-06-070', 'මයිලත්තාව', 'E455D', 2, 2),
(74, '2-2-06-075', 'පොල්අත්තාව', 'E455B', 2, 2),
(75, '2-2-06-080', 'නිකවටවන', 'E447', 2, 2),
(76, '2-2-06-085', 'කුඹුක්කඳන්වල', 'E448', 2, 2),
(77, '2-2-06-090', 'බෙල්ලනේඔය', 'E451A', 2, 2),
(78, '2-2-06-095', 'රත්මල්කටුව', 'E451C', 2, 2),
(79, '2-2-06-100', 'වැලිහේන', 'E450C', 2, 2),
(80, '2-2-06-105', 'ඇටවරාහේන', 'E451B', 2, 2),
(81, '2-2-06-110', 'පල්ලේගම', 'E450', 2, 2),
(82, '2-2-06-115', 'බුලාගල', 'E450B', 2, 2),
(83, '2-2-06-120', 'පැල්වෙහෙර', 'E450A', 2, 2),
(84, '2-2-06-125', 'කණ්ඩලම', 'E449', 2, 2),
(85, '2-2-06-130', 'පහළ ඇරෑවුල', 'E446', 2, 2),
(86, '2-2-06-135', 'ඉහල ඇරෑවුල', 'E446C', 2, 2),
(87, '2-2-06-140', 'වෙලංගොල්ල', 'E446D', 2, 2),
(88, '2-2-06-145', 'වෑවලවැව', 'E447A', 2, 2),
(89, '2-2-06-150', 'යක්කුරාගල උතුර', 'E446A', 2, 2),
(90, '2-2-06-155', 'විල්හත', 'E446F', 2, 2),
(91, '2-2-06-160', 'අතුපාරයාය', 'E445C', 2, 2),
(92, '2-2-06-165', 'පහලවැව', 'E445D', 2, 2),
(93, '2-2-06-170', 'දඹුල්ල නගරය', 'E445', 2, 2),
(94, '2-2-06-175', 'දඹුළුගම', 'E445F', 2, 2),
(95, '2-2-06-180', 'හළුඅපුල්ලනවැව', 'E445E', 2, 2),
(96, '2-2-06-185', 'පොහොරන්වැව', 'E445B', 2, 2),
(97, '2-2-06-190', 'යාපාගම', 'E445G', 2, 2),
(98, '2-2-06-195', 'රත්මල්ගහඇළ', 'E445A', 2, 2),
(99, '2-2-06-200', 'යක්කුරාගල දකුණ', 'E446E', 2, 2),
(100, '2-2-06-205', 'කළුන්දෑව අලුත්ගම', 'E443A', 2, 2),
(101, '2-2-06-210', 'අගුණවැල්පැලැස්ස', 'E443B', 2, 2),
(102, '2-2-06-215', 'කලෝගහඇල', 'E446B', 2, 2),
(103, '2-2-06-220', 'තිත්තවැල්ගොල්ල', 'E444', 2, 2),
(104, '2-2-06-225', 'මොරගොල්ලෑව', 'E444B', 2, 2),
(105, '2-2-06-230', 'කපුවත්ත', 'E444A', 2, 2),
(106, '2-2-06-235', 'කිරලගොල්ල', 'E440B', 2, 2),
(107, '2-2-06-240', 'වවුල්අඹේ', 'E440C', 2, 2),
(108, '2-2-06-245', 'ඇඹුල්අඹේ', 'E440', 2, 2),
(109, '2-2-06-250', 'පුවක්අත්තාවල', 'E441D', 2, 2),
(110, '2-2-06-255', 'කළුන්දෑව පරණගම', 'E443', 2, 2),
(111, '2-2-06-260', 'වල්ගම්වැව', 'E442A', 2, 2),
(112, '2-2-06-265', 'කිරලැස්ස', 'E441C', 2, 2),
(113, '2-2-06-270', 'පන්නම්පිටිය', 'E441A', 2, 2),
(114, '2-2-06-275', 'වැලමිටියාව', 'E440D', 2, 2),
(115, '2-2-06-280', 'ඇතාබැඳිවැව', 'E440A', 2, 2),
(116, '2-2-06-285', 'ලෙනදොර උතුර', 'E441', 2, 2),
(117, '2-2-06-290', 'ලෙනදොර  දකුණ', 'E441B', 2, 2),
(118, '2-2-06-295', 'නායාකුඹුර', 'E442', 2, 2),
(119, '2-2-09-005', 'උස්සත්තෑව', 'E413C', 3, 3),
(120, '2-2-09-010', 'නිකුල', 'E413A', 3, 3),
(121, '2-2-09-015', 'සේරුදන්ඩාපොල', 'E415A', 3, 3),
(122, '2-2-09-020', 'හාඩුව', 'E412C', 3, 3),
(123, '2-2-09-025', 'බඹරගහවත්ත', 'E404B', 3, 3),
(124, '2-2-09-030', 'දඹගොල්ල', 'E404A', 3, 3),
(125, '2-2-09-035', 'හැළඹගහවත්ත', 'E404', 3, 3),
(126, '2-2-09-040', 'පුබ්බිලිය', 'E406A', 3, 3),
(127, '2-2-09-045', 'මාරාගමුව', 'E406', 3, 3),
(128, '2-2-09-050', 'හාඩුවෙල', 'E412B', 3, 3),
(129, '2-2-09-055', 'දොඩම්අත්තාවල', 'E412G', 3, 3),
(130, '2-2-09-060', 'කරවිලහේන', 'E412', 3, 3),
(131, '2-2-09-065', 'බොබැල්ල', 'E415E', 3, 3),
(132, '2-2-09-070', 'බිබිල', 'E413', 3, 3),
(133, '2-2-09-075', 'මුරුතෝළුව', 'E414A', 3, 3),
(134, '2-2-09-080', 'මේල්පිටිය', 'E414', 3, 3),
(135, '2-2-09-085', 'වැවැත්තෑව', 'E414C', 3, 3),
(136, '2-2-09-090', 'පෙනලබොඩ', 'E413D', 3, 3),
(137, '2-2-09-095', 'නාඋල', 'E413B', 3, 3),
(138, '2-2-09-100', 'මීගහ ඇල', 'E412F', 3, 3),
(139, '2-2-09-105', 'බෝවතැන්න වත්ත', 'E412D', 3, 3),
(140, '2-2-09-110', 'කුඹියන්ගහ ඇල', 'E412A', 3, 3),
(141, '2-2-09-115', 'මිල්ලගහමුල තැන්න', 'E409B', 3, 3),
(142, '2-2-09-120', 'කෝන්ගහවෙල', 'E409', 3, 3),
(143, '2-2-09-125', 'රජාවෙල', 'E409A', 3, 3),
(144, '2-2-09-130', 'ගංඉමයාය', 'E412E', 3, 3),
(145, '2-2-09-135', 'මොරගහමඩ', 'E383C', 3, 3),
(146, '2-2-09-140', 'පිළිහුඬුගොල්ල පහළගම', 'E410B', 3, 3),
(147, '2-2-09-145', 'පිළිහුඬුගොල්ල ඉහලගම', 'E410', 3, 3),
(148, '2-2-09-150', 'අරංගල', 'E410A', 3, 3),
(149, '2-2-09-155', 'හබරගහමඩ', 'E410C', 3, 3),
(150, '2-2-09-160', 'ඇල්හේන', 'E415F', 3, 3),
(151, '2-2-09-165', 'දීයන්කඩුව', 'E414B', 3, 3),
(152, '2-2-09-170', 'අලුගොල්ල', 'E415C', 3, 3),
(153, '2-2-09-175', 'නාලන්ද', 'E415', 3, 3),
(154, '2-2-09-180', 'වම්බටුයාය', 'E415H', 3, 3),
(155, '2-2-09-185', 'මීගොල්ල', 'E415G', 3, 3),
(156, '2-2-09-190', 'උඩුදෙණිය', 'E415B', 3, 3),
(157, '2-2-09-195', 'හපුගස්යාය', 'E415D', 3, 3),
(158, '2-2-09-200', 'ළිහිණිපිටිය', 'E382A', 3, 3),
(159, '2-2-09-205', 'සේනාගම', 'E383B', 3, 3),
(160, '2-2-09-210', 'ආඳාවල', 'E382', 3, 3),
(161, '2-2-09-215', 'ඕපල්ගල', 'E383', 3, 3),
(162, '2-2-09-220', 'අඹන', 'E383A', 3, 3),
(163, '2-2-09-225', 'මොරගොල්ල', 'E409C', 3, 3),
(164, '2-2-09-230', 'ගල්බොඩ', 'E408', 3, 3),
(165, '2-2-12-005', 'ජානකගම', 'E426C', 4, 5),
(166, '2-2-12-010', 'නිලන්නෝරුව ජනපදය', 'E426D', 4, 5),
(167, '2-2-12-015', 'අලුත්ගම', 'E426', 4, 5),
(168, '2-2-12-020', 'දෙමදඔය', 'E417A', 4, 5),
(169, '2-2-12-025', 'මනන්වත්ත', 'E426B', 4, 5),
(170, '2-2-12-030', 'නිලන්නෝරුව', 'E426A', 4, 5),
(171, '2-2-12-035', 'තලකිරියාව', 'E423B', 4, 5),
(172, '2-2-12-040', 'කිරිඔරුව', 'E418', 4, 5),
(173, '2-2-12-045', 'කොස්ගොල්ල', 'E419B', 4, 5),
(174, '2-2-12-050', 'නාගහපොළ', 'E419E', 4, 5),
(175, '2-2-12-055', 'බොමේරුව', 'E423E', 4, 5),
(176, '2-2-12-060', 'කොබ්බෑවැහැර', 'E423D', 4, 5),
(177, '2-2-12-065', 'මිල්ලවාන පහළගම', 'E423A', 4, 5),
(178, '2-2-12-070', 'මිල්ලවාන  මැදගම', 'E423C', 4, 5),
(179, '2-2-12-075', 'කන්දෙවත්ත', 'E419A', 4, 5),
(180, '2-2-12-080', 'මහයායවත්ත', 'E419C', 4, 5),
(181, '2-2-12-085', 'මැදලන්ද', 'E419D', 4, 5),
(182, '2-2-12-090', 'වල්මොරුව', 'E417', 4, 5),
(183, '2-2-12-095', 'මොරගස්පිටිය', 'E416B', 4, 5),
(184, '2-2-12-100', 'අකුරම්බොඩ', 'E419', 4, 5),
(185, '2-2-12-105', 'දෙවරම්මුල්ල', 'E422C', 4, 5),
(186, '2-2-12-110', 'මිල්ලවාන ඉහළගම', 'E423', 4, 5),
(187, '2-2-12-115', 'අම්බොක්ක', 'E422', 4, 5),
(188, '2-2-12-120', 'මානින්ගමුව බටහිර', 'E422B', 4, 5),
(189, '2-2-12-125', 'මානින්ගමුව නැගෙනහිර', 'E422A', 4, 5),
(190, '2-2-12-130', 'කොස්වත්ත', 'E420', 4, 5),
(191, '2-2-12-135', 'එකමුතුගම', 'E420D', 4, 5),
(192, '2-2-12-140', 'අම්බොකුදෙන', 'E420C', 4, 5),
(193, '2-2-12-145', 'කොහොලන්වෙල', 'E416D', 4, 5),
(194, '2-2-12-150', 'උදුරම්පැලැස්ස', 'E416C', 4, 5),
(195, '2-2-12-155', 'ඇහැලේපොල', 'E416', 4, 5),
(196, '2-2-12-160', 'පල්ලේපොල උතුර', 'E420A', 4, 5),
(197, '2-2-12-165', 'මොණරුවිල', 'E420B', 4, 5),
(198, '2-2-12-170', 'ගලහිටියාගම', 'E422D', 4, 5),
(199, '2-2-12-175', 'රුසිගම  ඉහළගම', 'E421B', 4, 5),
(200, '2-2-12-180', 'රුසිගම පහළගම', 'E421F', 4, 5),
(201, '2-2-12-185', 'පල්ලේපොල දකුණ', 'E420E', 4, 5),
(202, '2-2-12-190', 'කිනිගම', 'E421D', 4, 5),
(203, '2-2-12-195', 'පල්දෙණිය', 'E421', 4, 5),
(204, '2-2-12-200', 'දොඩම්ගස්යාය', 'E421E', 4, 5),
(205, '2-2-12-205', 'ආරියගම', 'E421A', 4, 5),
(206, '2-2-12-210', 'පොල්වත්ත', 'E421G', 4, 5),
(207, '2-2-12-215', 'තැඹිළිදෙණිය උතුර', 'E421C', 4, 5),
(208, '2-2-12-220', 'දිඹුල්ගමුව', 'E416A', 4, 5),
(209, '2-2-15-005', 'උඩගම බටහිර', 'E332E', 5, 6),
(210, '2-2-15-010', 'සැලගම', 'E332A', 5, 6),
(211, '2-2-15-015', 'සැලගම නැගෙනහිර', 'E332D', 5, 6),
(212, '2-2-15-020', 'තැඹිලිදෙණිය', 'E331B', 5, 6),
(213, '2-2-15-025', 'උතුරු මාතලේ', 'E331G', 5, 6),
(214, '2-2-15-030', 'කවුඩුපැලැල්ල', 'E331A', 5, 6),
(215, '2-2-15-035', 'මහවෙල', 'E331', 5, 6),
(216, '2-2-15-040', 'මහවෙල  බටහිර', 'E331E', 5, 6),
(217, '2-2-15-045', 'දෙල්ගොල්ල', 'E331F', 5, 6),
(218, '2-2-15-050', 'ගලගම', 'E332', 5, 6),
(219, '2-2-15-055', 'නාගොල්ල', 'E332C', 5, 6),
(220, '2-2-15-060', 'උඩගම', 'E332B', 5, 6),
(221, '2-2-15-065', 'උරුලෑවත්ත', 'E334A', 5, 6),
(222, '2-2-15-070', 'යටවත්ත', 'E334', 5, 6),
(223, '2-2-15-075', 'මැදියාපොල', 'E334C', 5, 6),
(224, '2-2-15-080', 'නිකගොල්ල', 'E333', 5, 6),
(225, '2-2-15-085', 'නිකගොල්ල  උතුර', 'E333A', 5, 6),
(226, '2-2-15-090', 'දික්කුඹුර බටහිර', 'E331J', 5, 6),
(227, '2-2-15-095', 'රතලවැව', 'E331C', 5, 6),
(228, '2-2-15-100', 'දික්කුඹුර', 'E331D', 5, 6),
(229, '2-2-15-105', 'වත්තේගෙදර', 'E331I', 5, 6),
(230, '2-2-15-110', 'ගලලියද්ද', 'E331H', 5, 6),
(231, '2-2-15-115', 'මුරුතවත්ත', 'E331K', 5, 6),
(232, '2-2-15-120', 'දීවිල්ල දකුණ', 'E337D', 5, 6),
(233, '2-2-15-125', 'දීවිල්ල', 'E337A', 5, 6),
(234, '2-2-15-130', 'ඩන්ගන් පෙදෙස', 'E337B', 5, 6),
(235, '2-2-15-135', 'ආලෝකගම', 'E337E', 5, 6),
(236, '2-2-15-140', 'වල්පොල', 'E334B', 5, 6),
(237, '2-2-15-145', 'මාලිගාතැන්න', 'E334D', 5, 6),
(238, '2-2-15-150', 'අළුත්වත්ත', 'E335C', 5, 6),
(239, '2-2-15-155', 'අඹන්පොල', 'E335', 5, 6),
(240, '2-2-15-160', 'ලක්ෂහේන', 'E335E', 5, 6),
(241, '2-2-15-165', 'දීවිල්ල උතුර', 'E337C', 5, 6),
(242, '2-2-15-170', 'ගම්මුල්ල', 'E337', 5, 6),
(243, '2-2-15-175', 'මොට්ටුවෙල', 'E335B', 5, 6),
(244, '2-2-15-180', 'ඉඩංගම', 'E335A', 5, 6),
(245, '2-2-15-185', 'උඩස්ගිරිය', 'E336', 5, 6),
(246, '2-2-15-190', 'ඇතිපල්ලාවල', 'E335D', 5, 6),
(247, '2-2-15-195', 'අළුත්ගම උතුර', 'E338A', 5, 6),
(248, '2-2-15-200', 'අළුත්ගම', 'E338', 5, 6),
(249, '2-2-15-205', 'පමුණුව', 'E339', 5, 6),
(250, '2-2-15-210', 'වාලවෙල', 'E339B', 5, 6),
(251, '2-2-15-215', 'උණවේරුව', 'E339A', 5, 6),
(252, '2-2-15-220', 'මඩදෙනිය', 'E336A', 5, 6),
(253, '2-2-15-225', 'මාතලාපිටිය', 'E340A', 5, 6),
(254, '2-2-15-230', 'මාතලාපිටිය දකුණ', 'E340D', 5, 6),
(255, '2-2-15-235', 'රත්නින්ද', 'E340E', 5, 6),
(256, '2-2-15-240', 'අස්ගිරි දොරකුඹුර', 'E340', 5, 6),
(257, '2-2-15-245', 'අස්ගිරි දොරකුඹුර නැගෙනහිර', 'E340B', 5, 6),
(258, '2-2-15-250', 'පොල්වත්ත', 'E340C', 5, 6),
(259, '2-2-15-255', 'දුල්ලැව', 'E342', 5, 6),
(260, '2-2-15-260', 'දුල්ලෑව නැගෙනහිර', 'E342B', 5, 6),
(261, '2-2-15-265', 'තල්ගහගොඩ', 'E342A', 5, 6),
(262, '2-2-15-270', 'දළුවෙල', 'E341B', 5, 6),
(263, '2-2-15-275', 'ඇතිපොල', 'E341', 5, 6),
(264, '2-2-15-280', 'ඇතිපොල  බටහිර', 'E341A', 5, 6),
(265, '2-2-18-005', 'නාරංගමුව', 'E323', 6, 6),
(266, '2-2-18-010', 'මඩවල උල්පත', 'E322C', 6, 6),
(267, '2-2-18-015', 'තල්ගස්යාය', 'E322B', 6, 6),
(268, '2-2-18-020', 'මඩවල', 'E322', 6, 6),
(269, '2-2-18-025', 'රජ්ජම්මන', 'E322A', 6, 6),
(270, '2-2-18-030', 'මොරගහමඩ', 'E324A', 6, 6),
(271, '2-2-18-035', 'හතමුණගාල', 'E324C', 6, 6),
(272, '2-2-18-040', 'අංකන්ද', 'E324B', 6, 6),
(273, '2-2-18-045', 'පුවක්පිටිය', 'E324', 6, 6),
(274, '2-2-18-050', 'වල්ලිවෙල', 'E330A', 6, 6),
(275, '2-2-18-055', 'ගල්වඩුකුඹුර', 'E330', 6, 6),
(276, '2-2-18-060', 'දොඹවෙල', 'E329', 6, 6),
(277, '2-2-18-065', 'කවටයාමුණ', 'E330B', 6, 6),
(278, '2-2-18-070', 'ඊරියගොල්ල', 'E325A', 6, 6),
(279, '2-2-18-075', 'ඉඹුලන්දණ්ඩ', 'E325', 6, 6),
(280, '2-2-18-080', 'ගොලහැන්වත්ත', 'E328B', 6, 6),
(281, '2-2-18-085', 'පරණ දොඹවෙල', 'E329A', 6, 6),
(282, '2-2-18-090', 'ඇල්ලේපොල', 'E328A', 6, 6),
(283, '2-2-18-095', 'පලාපත්වල', 'E328D', 6, 6),
(284, '2-2-18-100', 'කොට්ටේගොඩ', 'E325B', 6, 6),
(285, '2-2-18-105', 'ඕවලපොල්වත්ත', 'E326B', 6, 6),
(286, '2-2-18-110', 'මකුල්ගහරුප්ප', 'E328E', 6, 6),
(287, '2-2-18-115', 'උඩුගම', 'E328', 6, 6),
(288, '2-2-18-120', 'කිරිගල්පොත්ත', 'E328C', 6, 6),
(289, '2-2-18-125', 'දුන්කොලවත්ත', 'E326A', 6, 6),
(290, '2-2-18-130', 'දොරකුඹුර', 'E326', 6, 6),
(291, '2-2-18-135', 'බීරිදෙවල', 'E327A', 6, 6),
(292, '2-2-18-140', 'අලු විහාරේ', 'E327', 6, 6),
(293, '2-2-18-145', 'දික්කිරිය', 'E327B', 6, 6),
(294, '2-2-18-150', 'පාරාවත්ත', 'E350B', 6, 6),
(295, '2-2-18-155', 'කළුදෑවල', 'E350C', 6, 6),
(296, '2-2-18-160', 'මන්දණ්ඩාවෙල', 'E350A', 6, 6),
(297, '2-2-18-165', 'බෝගහකොටුව', 'E352E', 6, 6),
(298, '2-2-18-170', 'හරස්ගම', 'E350', 6, 6),
(299, '2-2-18-175', 'කන්දේගෙදර', 'E351', 6, 6),
(300, '2-2-18-180', 'මල්වත්ත', 'E352D', 6, 6),
(301, '2-2-18-185', 'විහාර පාර', 'E352G', 6, 6),
(302, '2-2-18-190', 'මුස්ලිම් නගරය', 'E352', 6, 6),
(303, '2-2-18-195', 'ඔය පහල', 'E352H', 6, 6),
(304, '2-2-18-200', 'ගොංගාවෙල', 'E352B', 6, 6),
(305, '2-2-18-205', 'සිංහල නගරය', 'E352A', 6, 6),
(306, '2-2-18-210', 'දොඩම්දෙණිය', 'E351A', 6, 6),
(307, '2-2-18-215', 'හුලංගමුව දකුණ', 'E353', 6, 6),
(308, '2-2-18-220', 'හුලංගමුව  උතුර', 'E353B', 6, 6),
(309, '2-2-18-225', 'දියබුබුල', 'E352F', 6, 6),
(310, '2-2-18-230', 'මාළිගාතැන්න', 'E352C', 6, 6),
(311, '2-2-18-235', 'නාගොල්ල', 'E353A', 6, 6),
(312, '2-2-18-240', 'පඬිවිට', 'E349', 6, 6),
(313, '2-2-18-245', 'පඬිවිට වෙලගම', 'E349A', 6, 6),
(314, '2-2-18-250', 'කොටුවේගෙදර උතුර', 'E348', 6, 6),
(315, '2-2-18-255', 'කුඹියන්ගොඩ', 'E348A', 6, 6),
(316, '2-2-18-260', 'කොටුවේගෙදර දකුණ', 'E348B', 6, 6),
(317, '2-2-21-005', 'කුඹල්ඔළුව', 'E381', 7, 7),
(318, '2-2-21-010', 'ගම්මඩුව', 'E381C', 7, 7),
(319, '2-2-21-015', 'කළුගල්තැන්න', 'E381A', 7, 7),
(320, '2-2-21-020', 'නාගුලියද්ද', 'E384C', 7, 7),
(321, '2-2-21-025', 'කොස්ගොල්ල', 'E381D', 7, 7),
(322, '2-2-21-030', 'ඉඹුල්ගොල්ල', 'E381B', 7, 7),
(323, '2-2-21-035', 'රංමුතුගම', 'E380A', 7, 7),
(324, '2-2-21-040', 'රයිතලාව', 'E380', 7, 7),
(325, '2-2-21-045', 'තිබ්බටුකනත', 'E380C', 7, 7),
(326, '2-2-21-050', 'පල්ලේ අස්වැද්දුම', 'E384G', 7, 7),
(327, '2-2-21-055', 'පල්ලේතැන්න', 'E384F', 7, 7),
(328, '2-2-21-060', 'පුස්සැල්ල', 'E384', 7, 7),
(329, '2-2-21-065', 'සිරංගහවත්ත', 'E384E', 7, 7),
(330, '2-2-21-070', 'කවුඩාගම්මන', 'E384D', 7, 7),
(331, '2-2-21-075', 'නාරංගොල්ල', 'E384A', 7, 7),
(332, '2-2-21-080', 'හුණුකැටේ', 'E384B', 7, 7),
(333, '2-2-21-085', 'මැටිහක්ක', 'E379B', 7, 7),
(334, '2-2-21-090', 'අළුත්වෙල', 'E380B', 7, 7),
(335, '2-2-21-095', 'ක්ලෝඩා', 'E379A', 7, 7),
(336, '2-2-21-100', 'ගුරුබැබිල', 'E379', 7, 7),
(337, '2-2-24-005', 'මාඔය', 'E402B', 8, 7),
(338, '2-2-24-010', 'කන්දේපිටවල', 'E402G', 8, 7),
(339, '2-2-24-015', 'දේවාලදෙණිය', 'E402H', 8, 7),
(340, '2-2-24-020', 'කළුගඟ', 'E402F', 8, 7),
(341, '2-2-24-025', 'අකරහැඩිය', 'E396B', 8, 7),
(342, '2-2-24-030', 'හත්තොට අමුණ', 'E402', 8, 7),
(343, '2-2-24-035', 'දාස්ගිරිය', 'E402A', 8, 7),
(344, '2-2-24-040', 'මොරතැන්න', 'E402E', 8, 7),
(345, '2-2-24-045', 'වැල්ලේවල', 'E402D', 8, 7),
(346, '2-2-24-050', 'වැලිවරණාගොල්ල', 'E402C', 8, 7),
(347, '2-2-24-055', 'ලේල්ඔය', 'E396', 8, 7),
(348, '2-2-24-060', 'පොත්තටවෙල', 'E399', 8, 7),
(349, '2-2-24-065', 'දම්මන්තැන්න', 'E399A', 8, 7),
(350, '2-2-24-070', 'ගඟල පුවක්පිටිය', 'E400', 8, 7),
(351, '2-2-24-075', 'දිවුල්ගස් පතන', 'E400A', 8, 7),
(352, '2-2-24-080', 'පිටවල', 'E385', 8, 7),
(353, '2-2-24-085', 'කහගල', 'E388', 8, 7),
(354, '2-2-24-090', 'ඉළුක්කුඹුර', 'E388A', 8, 7),
(355, '2-2-24-095', 'මහලකොටුව', 'E387', 8, 7),
(356, '2-2-24-100', 'ගඟහේන්වල', 'E389A', 8, 7),
(357, '2-2-24-105', 'කරඳමුල්ල', 'E397C', 8, 7),
(358, '2-2-24-110', 'ගෝනවල', 'E397B', 8, 7),
(359, '2-2-24-115', 'ලග්ගල පල්ලේගම', 'E397', 8, 7),
(360, '2-2-24-120', 'මිණිරංකැටිය', 'E397D', 8, 7),
(361, '2-2-24-125', 'රාවණගම', 'E397A', 8, 7),
(362, '2-2-24-130', 'ගල්ගෙදවල', 'E396A', 8, 7),
(363, '2-2-24-135', 'ගුරුවෙල', 'E397E', 8, 7),
(364, '2-2-24-140', 'කිවුලේවාඩිය', 'E392A', 8, 7),
(365, '2-2-24-145', 'හල්මිණිය', 'E392', 8, 7),
(366, '2-2-24-150', 'ඉමාඩුව', 'E390', 8, 7),
(367, '2-2-24-155', 'රඹුක්ඔළුව', 'E389', 8, 7),
(368, '2-2-24-160', 'මැද ඇළ', 'E387A', 8, 7),
(369, '2-2-24-165', 'රත්නින්ද', 'E386A', 8, 7),
(370, '2-2-24-170', 'ඇටන්වල', 'E386', 8, 7),
(371, '2-2-24-175', 'රණමුරේගම', 'E392B', 8, 7),
(372, '2-2-24-180', 'නාරංගමුව', 'E391', 8, 7),
(373, '2-2-24-185', 'ලකේගල', 'E391A', 8, 7),
(374, '2-2-27-005', 'කුඹුක්ඔය', 'E398I', 9, 8),
(375, '2-2-27-010', 'තුන්හිරියාවැව', 'E398C', 9, 8),
(376, '2-2-27-015', 'පලුපිටිය', 'E398H', 9, 8),
(377, '2-2-27-020', 'රත්තොටයාය', 'E398E', 9, 8),
(378, '2-2-27-025', 'දුණුවිලපිටිය', 'E398F', 9, 8),
(379, '2-2-27-030', 'මැදකන්ද', 'E398A', 9, 8),
(380, '2-2-27-035', 'අලිවංගුව', 'E398G', 9, 8),
(381, '2-2-27-040', 'විහාරගම', 'E398K', 9, 8),
(382, '2-2-27-045', 'හඳුන්ගමුව', 'E398', 9, 8),
(383, '2-2-27-050', 'ටොප්වලපිටිය', 'E398J', 9, 8),
(384, '2-2-27-055', 'ගැඹුරුඔය', 'E395K', 9, 8),
(385, '2-2-27-060', 'කුඹුකන්දන', 'E398B', 9, 8),
(386, '2-2-27-065', 'ලේඩියංගල', 'E395A', 9, 8),
(387, '2-2-27-070', 'කරව්ගහවැව', 'E395B', 9, 8),
(388, '2-2-27-075', 'රදුන්නේවැව', 'E395I', 9, 8),
(389, '2-2-27-080', 'මාරක', 'E395H', 9, 8),
(390, '2-2-27-085', 'මල්ගම්මන', 'E395J', 9, 8),
(391, '2-2-27-090', 'බෝගහවැව', 'E394', 9, 8),
(392, '2-2-27-095', 'අලියාවල', 'E395L', 9, 8),
(393, '2-2-27-100', 'වෙහෙරගල', 'E398D', 9, 8),
(394, '2-2-27-105', 'හිඹිළියාකඩ', 'E396C', 9, 8),
(395, '2-2-27-110', 'හෙට්ටිපොල', 'E394A', 9, 8),
(396, '2-2-27-115', 'නාමිණිඔය', 'E394C', 9, 8),
(397, '2-2-27-120', 'දේවගිරිය', 'E394F', 9, 8),
(398, '2-2-27-125', 'පිදුරුඅල්ල', 'E394E', 9, 8),
(399, '2-2-27-130', 'ගුරුවෙලයාය', 'E394D', 9, 8),
(400, '2-2-27-135', 'නාමිණිගම', 'E394B', 9, 8),
(401, '2-2-27-140', 'පේරකනත්ත', 'E395C', 9, 8),
(402, '2-2-27-145', 'විල්ගමුව', 'E395', 9, 8),
(403, '2-2-27-150', 'වනරව', 'E395G', 9, 8),
(404, '2-2-27-155', 'බත්ගම්පල', 'E395D', 9, 8),
(405, '2-2-27-160', 'නාගොල්ල', 'E395E', 9, 8),
(406, '2-2-27-165', 'මොරගහඋල්පත', 'E395F', 9, 8),
(407, '2-2-27-170', 'නුගගොල්ල', 'E393A', 9, 8),
(408, '2-2-27-175', 'මීවාඔබේ', 'E393B', 9, 8),
(409, '2-2-27-180', '80 යාය', 'E393D', 9, 8),
(410, '2-2-27-185', 'සෝනුත්ත', 'E393', 9, 8),
(411, '2-2-27-190', 'උඩුවෙල්වල', 'E393C', 9, 8),
(412, '2-2-27-195', 'සුළුගුණේ', 'E392C', 9, 8),
(413, '2-2-30-005', 'ඉකිරිගොල්ල', 'E371D', 10, 9),
(414, '2-2-30-010', 'පහල ඕවල', 'E372', 10, 9),
(415, '2-2-30-015', 'ඉහල ඕවල', 'E372A', 10, 9),
(416, '2-2-30-020', 'කයිකාවල', 'E373A', 10, 9),
(417, '2-2-30-025', 'නිකවැල්ල', 'E377', 10, 9),
(418, '2-2-30-030', 'කුරුවාව', 'E376B', 10, 9),
(419, '2-2-30-035', 'රත්තොට', 'E376', 10, 9),
(420, '2-2-30-040', 'බෝධිකොටුව', 'E375A', 10, 9),
(421, '2-2-30-045', 'දංකන්ද', 'E378', 10, 9),
(422, '2-2-30-050', 'කිරිමැටිය', 'E378B', 10, 9),
(423, '2-2-30-055', 'පොල්වත්තකන්ද', 'E378A', 10, 9),
(424, '2-2-30-060', 'දඔගොල්ල', 'E378C', 10, 9),
(425, '2-2-30-065', 'මැදවත්ත', 'E375E', 10, 9),
(426, '2-2-30-070', 'වෙරළුගස්තැන්න', 'E375B', 10, 9),
(427, '2-2-30-075', 'මඩකුඹුර', 'E375F', 10, 9),
(428, '2-2-30-080', 'මාඋස්සාගොල්ල', 'E375', 10, 9),
(429, '2-2-30-085', 'වනරානිය', 'E375C', 10, 9),
(430, '2-2-30-090', 'ලෝන්විල්', 'E373C', 10, 9),
(431, '2-2-30-095', 'මරදුරාවෙළ', 'E373B', 10, 9),
(432, '2-2-30-100', 'පල්ලේගම', 'E373', 10, 9),
(433, '2-2-30-105', 'කොස්වාන උතුර', 'E371A', 10, 9),
(434, '2-2-30-110', 'පල්ලේවේරගම', 'E371', 10, 9),
(435, '2-2-30-115', 'විහාරගම', 'E371C', 10, 9),
(436, '2-2-30-120', 'කයිනැක', 'E371G', 10, 9),
(437, '2-2-30-125', 'උඩවේරගම', 'E371B', 10, 9),
(438, '2-2-30-130', 'මැද වේරගම', 'E371F', 10, 9),
(439, '2-2-30-135', 'කොස්වාන දකුණ', 'E371E', 10, 9),
(440, '2-2-30-140', '‍බෝගම්බර', 'E374A', 10, 9),
(441, '2-2-30-145', 'ගලේකොළුව', 'E374B', 10, 9),
(442, '2-2-30-150', 'වෙලන්ගහවත්ත', 'E376A', 10, 9),
(443, '2-2-30-155', 'හොරගොල්ල', 'E376C', 10, 9),
(444, '2-2-30-160', 'බඹරකිරිඇල්ල', 'E375D', 10, 9),
(445, '2-2-30-165', 'අලකොලමඩ', 'E374C', 10, 9),
(446, '2-2-30-170', 'උඩගම', 'E374', 10, 9),
(447, '2-2-30-175', 'පිටකන්ද', 'E368C', 10, 9),
(448, '2-2-30-180', 'ගන්සරපොල', 'E374D', 10, 9),
(449, '2-2-30-185', 'එපිටමුල්ල', 'E368F', 10, 9),
(450, '2-2-30-190', 'වැටස්යාය', 'E368B', 10, 9),
(451, '2-2-30-195', 'ගොඩපොල', 'E366A', 10, 9),
(452, '2-2-30-200', 'උල්පතපිටිය', 'E370', 10, 9),
(453, '2-2-30-205', 'බණ්ඩාරපොල', 'E366', 10, 9),
(454, '2-2-30-210', 'මුවන්දෙනිය', 'E368', 10, 9),
(455, '2-2-30-215', 'පල්ලේයාය', 'E368E', 10, 9),
(456, '2-2-30-220', 'නෙළුවාකන්ද', 'E368A', 10, 9),
(457, '2-2-30-225', 'පුංචිසෙළුවාකන්ද', 'E369B', 10, 9),
(458, '2-2-30-230', 'තඹලගල', 'E369A', 10, 9),
(459, '2-2-30-235', 'කන්දේනුවර බටහිර', 'E368G', 10, 9),
(460, '2-2-30-240', 'කන්දේනුවර නැගෙනහිර', 'E368D', 10, 9),
(461, '2-2-30-245', 'අල්වත්ත', 'E369', 10, 9),
(462, '2-2-30-250', 'වරාපිටිය', 'E366B', 10, 9),
(463, '2-2-30-255', 'දොඹගොඩ', 'E366C', 10, 9),
(464, '2-2-30-260', 'පහළ හපුවිද', 'E367A', 10, 9),
(465, '2-2-30-265', 'උඩහපුවිද', 'E367', 10, 9),
(466, '2-2-30-270', 'හඟරන්කන්ද', 'E367B', 10, 9),
(467, '2-2-33-005', 'ගලඋඩහේන', 'E343F', 11, 6),
(468, '2-2-33-010', 'මකුලේමඩ', 'E343B', 11, 6),
(469, '2-2-33-015', 'පතිංගොල්ල', 'E344B', 11, 6),
(470, '2-2-33-020', 'වදේමඩ', 'E344E', 11, 6),
(471, '2-2-33-025', 'වත්තේගෙදර', 'E343I', 11, 6),
(472, '2-2-33-030', 'වටගොඩ', 'E343C', 11, 6),
(473, '2-2-33-035', 'පල්ලේකුඹුර', 'E343H', 11, 6),
(474, '2-2-33-040', 'කටුඅත්තාමඩ', 'E343E', 11, 6),
(475, '2-2-33-045', 'පන්වත්ත', 'E343D', 11, 6),
(476, '2-2-33-050', 'අලවතුවල', 'E344C', 11, 6),
(477, '2-2-33-055', 'හොරගහපිටිය', 'E344F', 11, 6),
(478, '2-2-33-060', 'ඕවිලිකන්ද', 'E344A', 11, 6),
(479, '2-2-33-065', 'කිරිමැටියාව', 'E343A', 11, 6),
(480, '2-2-33-070', 'තැන්න', 'E343', 11, 6),
(481, '2-2-33-075', 'මුවගල', 'E343G', 11, 6),
(482, '2-2-33-080', 'ඕවිල්ල', 'E344', 11, 6),
(483, '2-2-33-085', 'එනසල්මඩ', 'E344D', 11, 6),
(484, '2-2-33-090', 'තිබ්බටුවාව', 'E345', 11, 6),
(485, '2-2-33-095', 'දොඹගස්දෙණිය', 'E345A', 11, 6),
(486, '2-2-33-100', 'කැන්දගොල්ල', 'E362H', 11, 6),
(487, '2-2-33-105', 'කොහොඹිලිවෙල', 'E355C', 11, 6),
(488, '2-2-33-110', 'වාරියපොල වත්ත', 'E355E', 11, 6),
(489, '2-2-33-115', 'වාරියපොල', 'E354', 11, 6),
(490, '2-2-33-120', 'පනන්තඩිය', 'E365F', 11, 6),
(491, '2-2-33-125', 'නවරත්නගොඩ', 'E365B', 11, 6),
(492, '2-2-33-130', 'ඊරියගොල්ල', 'E365D', 11, 6),
(493, '2-2-33-135', 'කටුදෙණිය', 'E354A', 11, 6),
(494, '2-2-33-140', 'ඇල්වල', 'E355A', 11, 6),
(495, '2-2-33-145', 'පහලවෙල', 'E346A', 11, 6),
(496, '2-2-33-150', 'දෙහිපිටිය', 'E356A', 11, 6),
(497, '2-2-33-155', 'පුරිජ්ජල', 'E346', 11, 6),
(498, '2-2-33-160', 'උඩුපිහිල්ල', 'E347', 11, 6),
(499, '2-2-33-165', 'හලංගොඩ', 'E347A', 11, 6),
(500, '2-2-33-170', 'නාගහතැන්න', 'E346B', 11, 6),
(501, '2-2-33-175', 'වරකාමුර', 'E356', 11, 6),
(502, '2-2-33-180', 'මිදෙනිය', 'E356B', 11, 6),
(503, '2-2-33-185', 'නාගොල්ල', 'E355D', 11, 6),
(504, '2-2-33-190', 'තවලංකොය', 'E355B', 11, 6),
(505, '2-2-33-195', 'දුඹුකොල', 'E354B', 11, 6),
(506, '2-2-33-200', 'උකුවෙල', 'E355', 11, 6),
(507, '2-2-33-205', 'උඩුපිටිය', 'E357B', 11, 6),
(508, '2-2-33-210', 'කළල්පිටිය', 'E357A', 11, 6),
(509, '2-2-33-215', 'බළකඩුව', 'E357D', 11, 6),
(510, '2-2-33-220', 'බෝවත්ත', 'E357', 11, 6),
(511, '2-2-33-225', 'මානාබොඩ', 'E359', 11, 6),
(512, '2-2-33-230', 'පරගහවෙල', 'E359A', 11, 6),
(513, '2-2-33-235', 'උඩතැන්න', 'E365C', 11, 6),
(514, '2-2-33-240', 'හුණුකැටවල', 'E363B', 11, 6),
(515, '2-2-33-245', 'ලෑලිඅඹේ', 'E365A', 11, 6),
(516, '2-2-33-250', 'ඇල්කඩුව වත්ත', 'E363C', 11, 6),
(517, '2-2-33-255', 'ඇල්කඩුව', 'E363A', 11, 6),
(518, '2-2-33-260', 'උඩංගමුව', 'E363', 11, 6),
(519, '2-2-33-265', 'කැන්දගොල්ලාමඩ', 'E347B', 11, 6),
(520, '2-2-33-270', 'වැහිගල', 'E362A', 11, 6),
(521, '2-2-33-275', 'රත්වත්ත', 'E364', 11, 6),
(522, '2-2-33-280', 'වැලිගල', 'E365', 11, 6),
(523, '2-2-33-285', 'කුරිවෙළ', 'E360C', 11, 6),
(524, '2-2-33-290', 'මාබේරිය', 'E359B', 11, 6),
(525, '2-2-33-295', 'මාරුකොන', 'E360', 11, 6),
(526, '2-2-33-300', 'ගුරුළවල දකුණ', 'E358', 11, 6),
(527, '2-2-33-305', 'ගුරුළවෙල උතුර', 'E358A', 11, 6),
(528, '2-2-33-310', 'නුගපිටිය', 'E357C', 11, 6),
(529, '2-2-33-315', 'කන්දේමඩ', 'E358B', 11, 6),
(530, '2-2-33-320', 'උල්පාතපිටිය', 'E360B', 11, 6),
(531, '2-2-33-325', 'රයිතලාවෙල', 'E360A', 11, 6),
(532, '2-2-33-330', 'කඩුවෙල', 'E361', 11, 6),
(533, '2-2-33-335', 'පූජාගොඩ', 'E362G', 11, 6),
(534, '2-2-33-340', 'පහළ වැහිගල', 'E362C', 11, 6),
(535, '2-2-33-345', 'තාලිංගාමඩ', 'E362D', 11, 6),
(536, '2-2-33-350', 'හුන්නස්ගිරියවත්ත', 'E362E', 11, 6),
(537, '2-2-33-355', 'කරගහහින්න', 'E362F', 11, 6),
(538, '2-2-33-360', 'ඉඹුල්පිටිය', 'E362', 11, 6),
(539, '2-2-33-365', 'රංගම', 'E362B', 11, 6);

-- --------------------------------------------------------

--
-- Table structure for table `land_disputes`
--

CREATE TABLE `land_disputes` (
  `id` int(11) NOT NULL,
  `applicant_name` varchar(100) CHARACTER SET utf8 COLLATE utf8_bin NOT NULL,
  `addres` varchar(100) CHARACTER SET utf8 COLLATE utf8_bin NOT NULL,
  `nic` varchar(15) CHARACTER SET utf8 COLLATE utf8_bin NOT NULL,
  `contact` int(11) NOT NULL,
  `ds` varchar(50) CHARACTER SET utf8 COLLATE utf8_bin NOT NULL,
  `gnd` varchar(50) CHARACTER SET utf8 COLLATE utf8_bin NOT NULL,
  `requirement` varchar(500) CHARACTER SET utf8 COLLATE utf8_bin NOT NULL,
  `ds_sent` int(11) NOT NULL,
  `ds_reply` int(11) NOT NULL
) ENGINE=InnoDB DEFAULT CHARSET=utf8mb4;

--
-- Dumping data for table `land_disputes`
--

INSERT INTO `land_disputes` (`id`, `applicant_name`, `addres`, `nic`, `contact`, `ds`, `gnd`, `requirement`, `ds_sent`, `ds_reply`) VALUES
(4, 'ratnayake', 'matale', '914657703v', 661234567, '8', '337', 'kkk', 1, 1),
(13, 'kamal Ekanayaka', 'matale', '914657703v', 661234567, '4', '165', 'kk', 0, 0),
(14, 'kamal Ekanayaka', 'matale', '941270883v', 661234567, '7', '317', 'dddddd', 0, 0),
(15, 'Nimal Karunarathna', 'matale', '941270883v', 661234567, '11', '467', 'kkk', 0, 0);

-- --------------------------------------------------------

--
-- Table structure for table `login`
--

CREATE TABLE `login` (
  `id` int(11) NOT NULL,
  `uname` varchar(20) NOT NULL,
  `pwd` varchar(50) NOT NULL,
  `fname` varchar(50) DEFAULT NULL,
  `lname` varchar(10) DEFAULT NULL,
  `designation` varchar(10) DEFAULT NULL
) ENGINE=InnoDB DEFAULT CHARSET=utf8mb4;

--
-- Dumping data for table `login`
--

INSERT INTO `login` (`id`, `uname`, `pwd`, `fname`, `lname`, `designation`) VALUES
(1, 'wimal', '123', '', '', ''),
(2, 'wimal1', '202cb962ac59075b964b07152d234b70', '', '', ''),
(3, 'wimal1', '202cb962ac59075b964b07152d234b70', NULL, NULL, NULL);

-- --------------------------------------------------------

--
-- Table structure for table `poldiv`
--

CREATE TABLE `poldiv` (
  `polindex` int(11) NOT NULL,
  `police_name` varchar(20) DEFAULT NULL
) ENGINE=InnoDB DEFAULT CHARSET=utf8mb4;

--
-- Dumping data for table `poldiv`
--

INSERT INTO `poldiv` (`polindex`, `police_name`) VALUES
(1, 'ගලේවෙල'),
(2, 'දඹුල්ල'),
(3, 'සීගිරිය'),
(4, 'නාඋල'),
(5, 'මහවෙල'),
(6, 'මාතලේ'),
(7, 'ලග්ගල'),
(8, 'විල්ගමුව'),
(9, 'රත්තොට');

-- --------------------------------------------------------

--
-- Table structure for table `tbl_section`
--

CREATE TABLE `tbl_section` (
  `id` int(11) NOT NULL,
  `sec_name` varchar(50) NOT NULL DEFAULT ''
) ENGINE=InnoDB DEFAULT CHARSET=utf8mb4;

--
-- Dumping data for table `tbl_section`
--

INSERT INTO `tbl_section` (`id`, `sec_name`) VALUES
(1, 'Matale'),
(2, 'Naula');

-- --------------------------------------------------------

--
-- Table structure for table `tree_cut`
--

CREATE TABLE `tree_cut` (
  `id` int(11) NOT NULL,
  `applicant_name` varchar(100) CHARACTER SET utf8 COLLATE utf8_bin NOT NULL,
  `addres` varchar(100) CHARACTER SET utf8 COLLATE utf8_bin NOT NULL,
  `nic` varchar(15) CHARACTER SET utf8 COLLATE utf8_bin NOT NULL,
  `contact` int(11) NOT NULL,
  `ds` varchar(50) CHARACTER SET utf8 COLLATE utf8_bin NOT NULL,
  `gnd` varchar(50) CHARACTER SET utf8 COLLATE utf8_bin NOT NULL,
  `requirement` varchar(500) CHARACTER SET utf8 COLLATE utf8_bin NOT NULL,
  `tree` varchar(50) NOT NULL,
  `qty` int(11) NOT NULL,
  `ga_status` int(11) NOT NULL,
  `ds_status` int(11) NOT NULL,
  `reject_reason` varchar(200) NOT NULL,
  `certified_deed` varchar(50) CHARACTER SET utf8 COLLATE utf8_bin NOT NULL,
  `replicas` varchar(50) CHARACTER SET utf8 COLLATE utf8_bin NOT NULL,
  `plans` varchar(50) CHARACTER SET utf8 COLLATE utf8_bin NOT NULL,
  `partners_letters` varchar(50) CHARACTER SET utf8 COLLATE utf8_bin NOT NULL,
  `apdate` date DEFAULT NULL,
  `dsno` varchar(10) NOT NULL,
  `ds_recomm` varchar(100) CHARACTER SET utf8 COLLATE utf8_bin NOT NULL,
  `dis_recomm` varchar(100) CHARACTER SET utf8 COLLATE utf8_bin NOT NULL
) ENGINE=InnoDB DEFAULT CHARSET=utf8mb4;

--
-- Dumping data for table `tree_cut`
--

INSERT INTO `tree_cut` (`id`, `applicant_name`, `addres`, `nic`, `contact`, `ds`, `gnd`, `requirement`, `tree`, `qty`, `ga_status`, `ds_status`, `reject_reason`, `certified_deed`, `replicas`, `plans`, `partners_letters`, `apdate`, `dsno`, `ds_recomm`, `dis_recomm`) VALUES
(3, 'saman', 'matale', '914657703v', 661234567, '6', '265', 'dddddd', 'coconut', 2, 1, 1, '', '', '', '', '', NULL, '', '', ''),
(4, 'saman', 'matale', '914657703v', 661234567, '4', '179', 'ss', 'coconut', 2, 1, 1, '', '', '', '', '', NULL, '', '', ''),
(5, 'Nimal Karunarathna', 'matale', '685478963v', 661234567, '5', '168', 'sss', 'coconut', 4, 1, 0, '', 'ඔප්පුවේ සහතික කල පිටපත ඇත', 'පතිඉරු ඇත', 'පිඹුරුපත් ඇත', 'හවුල්කරුවන්ගේ කැමැත්ත ප්‍රකාශිත ලිපි ඇත', '2021-11-29', '45678', '', '');

--
-- Indexes for dumped tables
--

--
-- Indexes for table `div_sec`
--
ALTER TABLE `div_sec`
  ADD PRIMARY KEY (`divno`);

--
-- Indexes for table `dmg_elephant`
--
ALTER TABLE `dmg_elephant`
  ADD PRIMARY KEY (`id`);

--
-- Indexes for table `gntable`
--
ALTER TABLE `gntable`
  ADD PRIMARY KEY (`gncode`);

--
-- Indexes for table `land_disputes`
--
ALTER TABLE `land_disputes`
  ADD PRIMARY KEY (`id`);

--
-- Indexes for table `login`
--
ALTER TABLE `login`
  ADD PRIMARY KEY (`id`);

--
-- Indexes for table `poldiv`
--
ALTER TABLE `poldiv`
  ADD PRIMARY KEY (`polindex`);

--
-- Indexes for table `tbl_section`
--
ALTER TABLE `tbl_section`
  ADD PRIMARY KEY (`id`);

--
-- Indexes for table `tree_cut`
--
ALTER TABLE `tree_cut`
  ADD PRIMARY KEY (`id`);

--
-- AUTO_INCREMENT for dumped tables
--

--
-- AUTO_INCREMENT for table `div_sec`
--
ALTER TABLE `div_sec`
  MODIFY `divno` int(11) NOT NULL AUTO_INCREMENT, AUTO_INCREMENT=12;

--
-- AUTO_INCREMENT for table `dmg_elephant`
--
ALTER TABLE `dmg_elephant`
  MODIFY `id` int(11) NOT NULL AUTO_INCREMENT, AUTO_INCREMENT=5;

--
-- AUTO_INCREMENT for table `gntable`
--
ALTER TABLE `gntable`
  MODIFY `gncode` int(11) NOT NULL AUTO_INCREMENT, AUTO_INCREMENT=540;

--
-- AUTO_INCREMENT for table `land_disputes`
--
ALTER TABLE `land_disputes`
  MODIFY `id` int(11) NOT NULL AUTO_INCREMENT, AUTO_INCREMENT=16;

--
-- AUTO_INCREMENT for table `login`
--
ALTER TABLE `login`
  MODIFY `id` int(11) NOT NULL AUTO_INCREMENT, AUTO_INCREMENT=4;

--
-- AUTO_INCREMENT for table `poldiv`
--
ALTER TABLE `poldiv`
  MODIFY `polindex` int(11) NOT NULL AUTO_INCREMENT, AUTO_INCREMENT=10;

--
-- AUTO_INCREMENT for table `tbl_section`
--
ALTER TABLE `tbl_section`
  MODIFY `id` int(11) NOT NULL AUTO_INCREMENT, AUTO_INCREMENT=3;

--
-- AUTO_INCREMENT for table `tree_cut`
--
ALTER TABLE `tree_cut`
  MODIFY `id` int(11) NOT NULL AUTO_INCREMENT, AUTO_INCREMENT=6;
COMMIT;

/*!40101 SET CHARACTER_SET_CLIENT=@OLD_CHARACTER_SET_CLIENT */;
/*!40101 SET CHARACTER_SET_RESULTS=@OLD_CHARACTER_SET_RESULTS */;
/*!40101 SET COLLATION_CONNECTION=@OLD_COLLATION_CONNECTION */;
